条目编号,最自然的一段(c1/c2/c3/都一样),备注
repair_confirm_question,,
clarify_repair,,
clarify_work_order,,
repair_ask_natural_address,,
repair_ask_userNo+repair_ask_address,,
repair_ask_natural_userNo,,
chat_smalltalk,,
transfer_ready+transfer_queued,,
internal_chat_hint,,
opening,,
realtime_ask+realtime_empty,,
stop_warm_plan,,
fallback_internal,,
pay_ask_user_no+pay_due_hint,,
lifeboat_fallback,,
work_order_hint+work_order_ask,,
work_order_no_unknown,,
user_no_unknown,,
inject_refuse,,
off_hours_repair+off_hours_urgent,,
